loss,lvl1_loss,lvl2_loss,lvl3_loss,lvl1_accuracy,lvl2_accuracy,lvl3_accuracy,val_loss,val_lvl1_loss,val_lvl2_loss,val_lvl3_loss,val_lvl1_accuracy,val_lvl2_accuracy,val_lvl3_accuracy
1.1575872898101807,0.17473742365837097,0.3945094645023346,0.5883398652076721,0.9323921203613281,0.8620988726615906,0.8039302229881287,2.954529047012329,0.3735195994377136,1.0300657749176025,1.5509419441223145,0.8620721101760864,0.7278051376342773,0.630603551864624
0.7886784076690674,0.11608431488275528,0.2713356018066406,0.4012592136859894,0.9559983015060425,0.9040501117706299,0.8614762425422668,3.249307632446289,0.4049637019634247,1.1771193742752075,1.6672265529632568,0.8484273552894592,0.6534664630889893,0.5847458839416504
0.650616466999054,0.09547837823629379,0.22449053823947906,0.33064761757850647,0.9638758301734924,0.9204663038253784,0.8841656446456909,1.5216383934020996,0.1769087314605713,0.46714654564857483,0.8775839805603027,0.9287086725234985,0.8376829624176025,0.7329668998718262
0.5644194483757019,0.08250100910663605,0.19477508962154388,0.2871437072753906,0.9688205718994141,0.9308770298957825,0.8986915946006775,1.5978871583938599,0.2876400351524353,0.5313209891319275,0.7789263725280762,0.9020885229110718,0.8294028639793396,0.7660468816757202
0.5042715668678284,0.07317554950714111,0.1736447662115097,0.25745126605033875,0.9726375937461853,0.9383874535560608,0.9088995456695557,1.106380820274353,0.14181365072727203,0.36564725637435913,0.5989201068878174,0.9471703767776489,0.8762340545654297,0.8131569623947144
0.4569339156150818,0.0655609667301178,0.15691934525966644,0.23445388674736023,0.9754405617713928,0.9446972012519836,0.9165762662887573,0.9209794998168945,0.13073638081550598,0.31396839022636414,0.47627416253089905,0.9508160948753357,0.8896049857139587,0.8393105864524841
0.4214964210987091,0.05930054187774658,0.14449827373027802,0.21769793331623077,0.9774910807609558,0.9484493136405945,0.9221314787864685,1.3082613945007324,0.15229015052318573,0.4954160153865814,0.6605551838874817,0.9461106657981873,0.8589233160018921,0.8038272261619568
0.39030760526657104,0.054781436920166016,0.13307155668735504,0.20245428383350372,0.9793691635131836,0.9523292779922485,0.9270579814910889,0.6902923583984375,0.09970641881227493,0.2366817593574524,0.35390424728393555,0.9632135033607483,0.918760359287262,0.8810206055641174
0.3619767725467682,0.049996279180049896,0.12339790165424347,0.18858280777931213,0.9811803698539734,0.9555683135986328,0.9321832060813904,1.011102557182312,0.147711381316185,0.3639587461948395,0.4994324743747711,0.9461867213249207,0.8835608959197998,0.8388745784759521
0.33807373046875,0.04595896229147911,0.11491077393293381,0.17720408737659454,0.9826224446296692,0.9586836099624634,0.9358217716217041,0.9806454181671143,0.14306236803531647,0.32462140917778015,0.5129612684249878,0.9515259861946106,0.8927233219146729,0.8403297662734985
0.31504231691360474,0.04196801409125328,0.10659675300121307,0.16647791862487793,0.9841699600219727,0.9616630673408508,0.9392372965812683,0.5640546679496765,0.08011411130428314,0.1948346495628357,0.2891058325767517,0.9711386561393738,0.9341442584991455,0.9005572199821472
0.2940366268157959,0.03852398321032524,0.09925969690084457,0.15625332295894623,0.9854537844657898,0.9642672538757324,0.9427967667579651,1.3423352241516113,0.20872099697589874,0.46363162994384766,0.6699821949005127,0.930711567401886,0.8619047999382019,0.8084312081336975
0.276774138212204,0.03565027937293053,0.09321430325508118,0.14790955185890198,0.9863684773445129,0.9660581350326538,0.9455713033676147,1.2151048183441162,0.20209166407585144,0.41440674662590027,0.598606526851654,0.9471298456192017,0.888367772102356,0.8473524451255798
0.2597353756427765,0.03250444680452347,0.08720619231462479,0.1400250494480133,0.9876726269721985,0.9682992696762085,0.9483438730239868,1.6466147899627686,0.18111290037631989,0.5296233892440796,0.9358783960342407,0.9460447430610657,0.8550596237182617,0.772674024105072
0.24378453195095062,0.03076874278485775,0.0812055915594101,0.13181033730506897,0.9884535074234009,0.9705222249031067,0.9507736563682556,1.1947494745254517,0.18407228589057922,0.39716166257858276,0.6135154366493225,0.9481844902038574,0.889828085899353,0.8361263275146484
0.2304372638463974,0.027902550995349884,0.07653767615556717,0.12599702179431915,0.9892404079437256,0.971960186958313,0.9527166485786438,0.651083767414093,0.11299164593219757,0.22288928925991058,0.31520289182662964,0.9659008383750916,0.9314822554588318,0.902174711227417
0.21514944732189178,0.025773262605071068,0.07090085744857788,0.11847542226314545,0.9904593825340271,0.9743717312812805,0.9557163715362549,0.6121048331260681,0.09807899594306946,0.21704143285751343,0.2969842553138733,0.9683701992034912,0.9337589144706726,0.9068852663040161
0.20423172414302826,0.02404099330306053,0.06719528883695602,0.11299581825733185,0.9910576939582825,0.9754061102867126,0.9577141404151917,1.089322566986084,0.1791490614414215,0.35598024725914,0.5541931390762329,0.9549282789230347,0.9020276665687561,0.8509169816970825
0.19149340689182281,0.022261790931224823,0.06238330900669098,0.10684826225042343,0.9917188882827759,0.9771442413330078,0.9598579406738281,0.602047860622406,0.10671451687812805,0.20350606739521027,0.2918270230293274,0.9695921540260315,0.9398942589759827,0.9125388264656067
0.17987509071826935,0.02008531242609024,0.058336421847343445,0.10145346075296402,0.9923760294914246,0.978651225566864,0.9616224765777588,0.7193053960800171,0.11385400593280792,0.2499707043170929,0.3554804027080536,0.9680253863334656,0.9291244745254517,0.8972208499908447
0.16945384442806244,0.018575221300125122,0.054739467799663544,0.09613905847072601,0.9930128455162048,0.9800242781639099,0.9635797142982483,1.0785800218582153,0.16033145785331726,0.37221136689186096,0.5460372567176819,0.9585739970207214,0.9030671715736389,0.8576709032058716
0.16042764484882355,0.017663154751062393,0.0512184277176857,0.09154582768678665,0.9933982491493225,0.981279730796814,0.9650927186012268,0.5241869688034058,0.08421379327774048,0.18308025598526,0.25689318776130676,0.976984977722168,0.9498831033706665,0.9263508915901184
0.15160486102104187,0.016245462000370026,0.047973036766052246,0.08738638460636139,0.9938789010047913,0.9822188019752502,0.9664921760559082,0.6057250499725342,0.09924008697271347,0.20530222356319427,0.3011827766895294,0.9733849167823792,0.9441534280776978,0.9141563177108765
0.14606988430023193,0.015696531161665916,0.04562875255942345,0.08474446833133698,0.9943088889122009,0.9833120107650757,0.967546820640564,0.6255626082420349,0.09670717269182205,0.21901753544807434,0.30983731150627136,0.9749314188957214,0.9415573477745056,0.9115450382232666
0.13837800920009613,0.014596997760236263,0.04340709373354912,0.08037375658750534,0.9945603609085083,0.9839995503425598,0.9691511392593384,0.9520072937011719,0.15771272778511047,0.35865074396133423,0.4356439709663391,0.9628940224647522,0.9169400334358215,0.889787495136261
0.13325318694114685,0.014064976014196873,0.04122907668352127,0.07795914262533188,0.9949132800102234,0.9848858714103699,0.9700232744216919,0.6433185935020447,0.09672365337610245,0.2273702174425125,0.31922465562820435,0.9741809964179993,0.9394885897636414,0.9131675958633423
0.12768639624118805,0.013284931890666485,0.03921708092093468,0.07518426328897476,0.9951931834220886,0.9856647253036499,0.9710008502006531,0.9031890630722046,0.140903040766716,0.31944555044174194,0.44284045696258545,0.9656980037689209,0.9242618680000305,0.8877846598625183
0.12163978070020676,0.012511082924902439,0.03740425407886505,0.07172425091266632,0.9955501556396484,0.9864273071289062,0.972720742225647,1.4118009805679321,0.19403183460235596,0.4672946333885193,0.7504743933677673,0.9604348540306091,0.9074277877807617,0.8534066081047058
0.11730389297008514,0.011994931846857071,0.03543133661150932,0.06987765431404114,0.9957103729248047,0.9872426390647888,0.9731264114379883,0.886036217212677,0.13542205095291138,0.31364986300468445,0.4369646906852722,0.9688265323638916,0.9286478757858276,0.892672598361969
0.11313537508249283,0.011481685563921928,0.03423082455992699,0.06742287427186966,0.9959192872047424,0.9876077175140381,0.9740634560585022,0.7515316009521484,0.1061970591545105,0.25522175431251526,0.3901125192642212,0.9764728546142578,0.9433016180992126,0.9091872572898865
0.10890693962574005,0.010814579203724861,0.03261988237500191,0.06547237932682037,0.9960795044898987,0.9881512522697449,0.9747428894042969,1.033036231994629,0.17141176760196686,0.3495974838733673,0.512027382850647,0.963325023651123,0.9226190447807312,0.8831045627593994
0.10459140688180923,0.010752794332802296,0.031179992482066154,0.06265866011381149,0.9960612654685974,0.9886441230773926,0.9760023951530457,1.7670416831970215,0.3155840337276459,0.6007094979286194,0.8507475852966309,0.944843053817749,0.8907255530357361,0.8422718048095703
0.1010650023818016,0.01023072749376297,0.029722655192017555,0.061111629009246826,0.9963269233703613,0.9890375733375549,0.9763532876968384,0.9899097084999084,0.1566479653120041,0.33133071660995483,0.5019311308860779,0.9689329862594604,0.9316546320915222,0.8919019103050232
0.09648037701845169,0.00956845935434103,0.028104275465011597,0.05880769342184067,0.9965642094612122,0.9898590445518494,0.9773227572441101,0.7709302306175232,0.12085482478141785,0.27277275919914246,0.3773028552532196,0.9756514430046082,0.9424294829368591,0.9137659072875977
0.09616389125585556,0.009389284998178482,0.028026772662997246,0.05874774977564812,0.9967265129089355,0.9900375008583069,0.9773065447807312,0.8790445923805237,0.1293480545282364,0.30191901326179504,0.44777712225914,0.9719955921173096,0.9346919059753418,0.8962929248809814
0.0924646332859993,0.00903408695012331,0.02689387835562229,0.05653676763176918,0.9966737627983093,0.9904614090919495,0.9783064126968384,0.7546560764312744,0.11463291943073273,0.2616206109523773,0.37840306758880615,0.9768278002738953,0.9455326199531555,0.9167219996452332
0.08844276517629623,0.008702714927494526,0.025093212723731995,0.054646849632263184,0.9968299269676208,0.9911327362060547,0.978878378868103,0.7651501297950745,0.11986994743347168,0.2710687220096588,0.3742115795612335,0.9784351587295532,0.9471045136451721,0.9207378625869751
0.0878739282488823,0.008634893223643303,0.025250643491744995,0.05398830771446228,0.9969110488891602,0.9909806251525879,0.9792576432228088,0.8440425992012024,0.12641751766204834,0.3113345503807068,0.406290203332901,0.9759252667427063,0.9391437768936157,0.9125591516494751
0.08494964987039566,0.008586089126765728,0.024120580404996872,0.05224291607737541,0.9970327615737915,0.9915464520454407,0.9796571731567383,0.9217289686203003,0.13530069589614868,0.32859715819358826,0.45783117413520813,0.9762396216392517,0.9411212801933289,0.9107084274291992
0.08247643709182739,0.007695374544709921,0.023411255329847336,0.051369838416576385,0.9971868991851807,0.9916945099830627,0.980399489402771,0.742530345916748,0.11188345402479172,0.26598742604255676,0.36465969681739807,0.9784807562828064,0.9480628371238708,0.9231362342834473
0.08039115369319916,0.0074770571663975716,0.02273932658135891,0.05017474666237831,0.997387707233429,0.9918851852416992,0.9808538556098938,1.5524541139602661,0.22544728219509125,0.5088963508605957,0.8181090354919434,0.9613576531410217,0.9104954600334167,0.8543345332145691
0.07892625778913498,0.007548213470727205,0.021910535171628,0.04946739599108696,0.997387707233429,0.9923313856124878,0.981007993221283,0.9231009483337402,0.1364617943763733,0.32770439982414246,0.4589342474937439,0.9735167622566223,0.9350721836090088,0.9001972675323486
0.0761590525507927,0.007133674807846546,0.02145925909280777,0.047566115856170654,0.9975032806396484,0.9924023747444153,0.9814420342445374,1.3432432413101196,0.20169921219348907,0.4976840615272522,0.6438600420951843,0.9640450477600098,0.9187248945236206,0.8845648765563965
0.07557257264852524,0.00712248170748353,0.020869038999080658,0.04758095741271973,0.9973998665809631,0.9926031827926636,0.9815839529037476,0.7779066562652588,0.11809112131595612,0.2760780155658722,0.383736789226532,0.9771776795387268,0.9477839469909668,0.9215288758277893
0.07388078421354294,0.007005753461271524,0.020109746605157852,0.04676533117890358,0.9976128339767456,0.9929540753364563,0.9821823239326477,0.7888551950454712,0.1207568570971489,0.27783340215682983,0.39026492834091187,0.977405846118927,0.9473884105682373,0.9206364750862122
0.07356418669223785,0.007200746331363916,0.020538710057735443,0.04582459107041359,0.9975904822349548,0.9929317235946655,0.9823364615440369,0.9147822260856628,0.1277439296245575,0.3171223998069763,0.4699150025844574,0.9742469191551208,0.9386671781539917,0.9027680158615112
0.06999032944440842,0.00647567817941308,0.019242707639932632,0.04427195340394974,0.9978014230728149,0.9932116270065308,0.9828982353210449,1.5523189306259155,0.24933740496635437,0.5344420075416565,0.7685391902923584,0.964171826839447,0.9171580672264099,0.8762897849082947
0.06904212385416031,0.006555531639605761,0.019028376787900925,0.043458241969347,0.9977061152458191,0.9933170676231384,0.983336329460144,0.9464413523674011,0.14553450047969818,0.3285951018333435,0.472311407327652,0.9755347967147827,0.9435145854949951,0.910860538482666
0.06913631409406662,0.006544285919517279,0.019079547375440598,0.04351242631673813,0.9977142214775085,0.9934367537498474,0.9834519624710083,0.9104233980178833,0.1400471180677414,0.3211454749107361,0.4492310583591461,0.976041853427887,0.9438188076019287,0.9178020358085632
0.06634380668401718,0.006035619881004095,0.017987560480833054,0.04232066124677658,0.9978805184364319,0.9936071038246155,0.9837865829467773,1.1393771171569824,0.1707894504070282,0.39911016821861267,0.5694777369499207,0.9718232154846191,0.931091845035553,0.8934128880500793
0.06648389250040054,0.006064997520297766,0.018340274691581726,0.04207860678434372,0.9978582262992859,0.9935685992240906,0.9838332533836365,0.8409101366996765,0.12306887656450272,0.2990637421607971,0.41877707839012146,0.9781967997550964,0.9469016790390015,0.9205350279808044
0.06340796500444412,0.005820148158818483,0.017004825174808502,0.04058296978473663,0.9979008436203003,0.9939600229263306,0.9842327833175659,0.9607931971549988,0.1526324450969696,0.3347354233264923,0.47342580556869507,0.975798487663269,0.9439759850502014,0.9149017333984375
0.06521197408437729,0.006192166358232498,0.017667554318904877,0.04135230928659439,0.9978805184364319,0.9938789010047913,0.9843666553497314,0.9994616508483887,0.14119397103786469,0.3586150109767914,0.4996527135372162,0.9770204424858093,0.9408981800079346,0.9118289947509766
0.06229640543460846,0.005924531724303961,0.016996871680021286,0.03937498852610588,0.9980002045631409,0.9940208792686462,0.9850664138793945,0.9696518182754517,0.15023887157440186,0.34394076466560364,0.475471556186676,0.9746981859207153,0.9398688673973083,0.911058247089386
0.06103583425283432,0.005451076664030552,0.016812138259410858,0.0387725830078125,0.9980489015579224,0.994132399559021,0.985181987285614,1.1418194770812988,0.1796025037765503,0.3964399993419647,0.5657771825790405,0.9705251455307007,0.9341696500778198,0.9009476900100708
0.06244306266307831,0.005810623522847891,0.017168289050459862,0.03946416825056076,0.9980143904685974,0.9940675497055054,0.9850359559059143,0.8876778483390808,0.1304447501897812,0.32067081332206726,0.43656283617019653,0.9790790677070618,0.9499388933181763,0.9261125922203064
0.060322534292936325,0.005736715160310268,0.01613200455904007,0.0384538397192955,0.9981401562690735,0.9944447875022888,0.9854254126548767,1.0077095031738281,0.1584230214357376,0.3583662807941437,0.49091947078704834,0.9760621190071106,0.9450914859771729,0.9158194661140442
0.057686157524585724,0.005096068140119314,0.015734339132905006,0.036855801939964294,0.9982233047485352,0.9945968985557556,0.9860298037528992,0.9099297523498535,0.13776487112045288,0.3244747519493103,0.4476896822452545,0.9796419143676758,0.9501265287399292,0.9251846671104431
0.058924466371536255,0.005310755223035812,0.01581912860274315,0.0377945713698864,0.9982131719589233,0.9946090579032898,0.9858898520469666,1.2232495546340942,0.1833304464817047,0.43111652135849,0.6088032722473145,0.9714327454566956,0.9320755004882812,0.8992389440536499
0.05720636248588562,0.005220762453973293,0.01546703651547432,0.03651851788163185,0.9982131719589233,0.994684100151062,0.9861940741539001,1.480225920677185,0.20733676850795746,0.4904109537601471,0.7824790477752686,0.9661847949028015,0.9225277304649353,0.8776182532310486
0.05668514221906662,0.005075214430689812,0.015628084540367126,0.035981811583042145,0.9982801079750061,0.9947267174720764,0.986323893070221,0.9605028033256531,0.13214653730392456,0.3545803725719452,0.4737758934497833,0.9785264134407043,0.943621039390564,0.9183902144432068
0.05495258793234825,0.004985228180885315,0.014745950698852539,0.0352214053273201,0.9982983469963074,0.9948930144309998,0.9866828918457031,1.3263789415359497,0.17918583750724792,0.4735460579395294,0.673647940158844,0.9704896807670593,0.9260466694831848,0.8929058313369751
0.05386925861239433,0.004710133653134108,0.01410053763538599,0.03505859524011612,0.9983348250389099,0.9952154755592346,0.9867660403251648,1.2180967330932617,0.1822967231273651,0.41390377283096313,0.6218965649604797,0.9703882336616516,0.9342659711837769,0.8960546255111694
0.05345480144023895,0.004800278227776289,0.01420066598802805,0.03445383906364441,0.9983652830123901,0.9951931834220886,0.9871026873588562,0.8967609405517578,0.13843680918216705,0.3159045875072479,0.4424196183681488,0.9785264134407043,0.9484836459159851,0.9228066205978394
0.0533936507999897,0.004874777514487505,0.014423645101487637,0.034095246344804764,0.9983368515968323,0.9949660301208496,0.9872710704803467,1.3303261995315552,0.22043319046497345,0.44422927498817444,0.6656631827354431,0.9679797291755676,0.9332975149154663,0.8916686773300171
0.0521995835006237,0.004780917428433895,0.013593177311122417,0.03382543474435806,0.9983875751495361,0.9951871037483215,0.9871311187744141,0.991813600063324,0.14489954710006714,0.35297974944114685,0.4939351975917816,0.9773500561714172,0.9473580121994019,0.9160071015357971
0.051906030625104904,0.004404990468174219,0.013943146914243698,0.03355790302157402,0.9984890222549438,0.9952296614646912,0.9875996112823486,0.926771342754364,0.1311408132314682,0.3342594802379608,0.4613713026046753,0.9796419143676758,0.9499388933181763,0.9235469102859497
0.05171923339366913,0.004608070477843285,0.0134296715259552,0.0336814820766449,0.9983936548233032,0.9953939914703369,0.987579345703125,0.9484551548957825,0.13277368247509003,0.3460957407951355,0.46958622336387634,0.9779078364372253,0.9455224871635437,0.9191254377365112
0.05003642663359642,0.00450724083930254,0.013355552218854427,0.03217363357543945,0.9984200596809387,0.9954142570495605,0.9878368973731995,0.9663749933242798,0.15229997038841248,0.33987927436828613,0.4741954207420349,0.9778469800949097,0.9484279155731201,0.9229841232299805
0.050353243947029114,0.004568380303680897,0.013111203908920288,0.032673656940460205,0.9984707236289978,0.9955724477767944,0.9878571629524231,1.310685634613037,0.19130167365074158,0.4504113793373108,0.6689728498458862,0.9730806946754456,0.935538649559021,0.8970788717269897
0.048740506172180176,0.004395195748656988,0.012806730344891548,0.031538575887680054,0.9984869360923767,0.9956616759300232,0.9882932305335999,1.1311665773391724,0.1699058562517166,0.3924768567085266,0.568783700466156,0.9736282825469971,0.937424898147583,0.9025803804397583
0.04762394726276398,0.004347931127995253,0.012384111061692238,0.030891859903931618,0.9985498189926147,0.9957590699195862,0.9884676933288574,1.140522837638855,0.16562539339065552,0.3990142047405243,0.5758824348449707,0.9762142300605774,0.9408981800079346,0.9117833375930786
0.04680687561631203,0.004262297414243221,0.012533748522400856,0.030010806396603584,0.9985538721084595,0.995750904083252,0.9887151122093201,1.3056049346923828,0.20614096522331238,0.44356435537338257,0.6558989882469177,0.971072793006897,0.9374502301216125,0.9034119248390198
0.04943057894706726,0.004609527066349983,0.013029556721448898,0.03179153800010681,0.9984686970710754,0.9955785274505615,0.9881289601325989,1.2624293565750122,0.2028440684080124,0.44565925002098083,0.6139264106750488,0.9715849161148071,0.9367403984069824,0.9076812863349915
0.04728127643465996,0.0044798655435442924,0.012561306357383728,0.03024006076157093,0.9984666705131531,0.995769202709198,0.9887151122093201,0.9127199053764343,0.13280388712882996,0.3274782598018646,0.45243802666664124,0.9805393815040588,0.9518302083015442,0.9277858734130859
0.045241739600896835,0.003748103743419051,0.011591687798500061,0.029901953414082527,0.9987891912460327,0.9960308074951172,0.9889869093894958,0.9304208755493164,0.12952135503292084,0.3348090350627899,0.4660901725292206,0.9810971617698669,0.9531028866767883,0.9296011328697205
0.045756999403238297,0.004156946204602718,0.012003193609416485,0.02959686703979969,0.9986106753349304,0.9960125684738159,0.9890477657318115,1.102624773979187,0.1627647578716278,0.3863166570663452,0.5535442233085632,0.9770914316177368,0.9456695318222046,0.9172037243843079
0.04401401802897453,0.004040781408548355,0.011365385726094246,0.02860790118575096,0.9985985159873962,0.996138334274292,0.9893357157707214,1.0493627786636353,0.17065738141536713,0.3490472435951233,0.5296578407287598,0.972730815410614,0.944939374923706,0.9120571613311768
0.046352092176675797,0.004400283098220825,0.012183631770312786,0.029768185690045357,0.9985315799713135,0.9959395527839661,0.9891491532325745,1.2645856142044067,0.19618238508701324,0.439050555229187,0.629352867603302,0.9725330471992493,0.9395037889480591,0.907412588596344
0.04305011406540871,0.003895420813933015,0.011301945894956589,0.02785280905663967,0.9987546801567078,0.9962174296379089,0.9896663427352905,1.2239640951156616,0.17503929138183594,0.446441113948822,0.6024821400642395,0.9732987284660339,0.9328208565711975,0.9040710926055908
0.04303259029984474,0.00427621603012085,0.011190937831997871,0.027565453201532364,0.9986674785614014,0.9962498545646667,0.9897900819778442,0.950032651424408,0.13050858676433563,0.33903640508651733,0.48048779368400574,0.9807828068733215,0.953402042388916,0.9278872609138489
0.04302433505654335,0.003555628238245845,0.011563621461391449,0.027905099093914032,0.9987912178039551,0.9960004091262817,0.9896481037139893,1.0189036130905151,0.15479300916194916,0.34843751788139343,0.5156726837158203,0.9792464375495911,0.9516730308532715,0.9245458245277405
0.042569324374198914,0.003703695023432374,0.011113292537629604,0.027752291411161423,0.9986958503723145,0.9962498545646667,0.989794135093689,1.0949985980987549,0.15774910151958466,0.3930954039096832,0.5441541075706482,0.97878497838974,0.9478752017021179,0.9220359325408936
0.04317116737365723,0.0037229005247354507,0.011605965904891491,0.027842383831739426,0.9987323880195618,0.9961017966270447,0.9897474646568298,1.5434415340423584,0.19747985899448395,0.5156658887863159,0.8302958607673645,0.9692575335502625,0.9231463670730591,0.8750069737434387
0.041570767760276794,0.0038898123893886805,0.011099197901785374,0.026581652462482452,0.9987932443618774,0.9964243173599243,0.990226149559021,1.1158695220947266,0.15738318860530853,0.38758349418640137,0.5709022879600525,0.9792363047599792,0.9480932354927063,0.9186437129974365
0.04172198474407196,0.0035099368542432785,0.010965010151267052,0.02724703960120678,0.99882972240448,0.9963005781173706,0.9901145696640015,1.0362184047698975,0.1482839584350586,0.3598977029323578,0.5280358195304871,0.9755145311355591,0.9452537298202515,0.9151602983474731
0.04059549793601036,0.003611834952607751,0.010663488879799843,0.026320137083530426,0.99882972240448,0.9964567422866821,0.9904268980026245,1.0989042520523071,0.14711126685142517,0.3843208849430084,0.567471981048584,0.9785618782043457,0.9451066851615906,0.9147597551345825
0.03986119478940964,0.003695364110171795,0.009927080944180489,0.026238715276122093,0.9987789988517761,0.9965865612030029,0.9904167652130127,1.2746094465255737,0.16925068199634552,0.44646650552749634,0.6588914394378662,0.9763308763504028,0.9428655505180359,0.910774290561676
0.041247494518756866,0.0038237017579376698,0.010996755212545395,0.02642696350812912,0.9986978769302368,0.996324896812439,0.9904735684394836,1.284778356552124,0.213744655251503,0.4412980377674103,0.6297355890274048,0.9749466180801392,0.9419072270393372,0.9135732650756836
0.03926040977239609,0.003528293687850237,0.010346032679080963,0.025386104360222816,0.998852014541626,0.9964567422866821,0.9906155467033386,1.2360669374465942,0.18029990792274475,0.41881245374679565,0.6369547247886658,0.975479006767273,0.9423331618309021,0.9085128903388977
0.038301754742860794,0.003428405150771141,0.009784894995391369,0.025088461115956306,0.9988337755203247,0.996637225151062,0.9908934235572815,1.086219072341919,0.1593080461025238,0.3742586672306061,0.552652895450592,0.978546679019928,0.949431836605072,0.9220967292785645
0.04101325199007988,0.003944449592381716,0.010956353507936,0.026112504303455353,0.9987323880195618,0.9964060187339783,0.9906013607978821,1.0702323913574219,0.1518268883228302,0.3780363202095032,0.5403690934181213,0.9789726138114929,0.9487067461013794,0.9237852096557617
0.037720635533332825,0.003607842605561018,0.009913083165884018,0.024199657142162323,0.998785138130188,0.9965744018554688,0.9912848472595215,1.1512489318847656,0.18178045749664307,0.40329602360725403,0.5661724209785461,0.9773297905921936,0.9481388926506042,0.9206161499023438
0.03779863193631172,0.003476060926914215,0.009679176844656467,0.0246434323489666,0.9988865256309509,0.9966088533401489,0.991049587726593,1.0264630317687988,0.14650221168994904,0.36168086528778076,0.5182796716690063,0.9800171256065369,0.9528087973594666,0.9273447394371033
0.03870195522904396,0.003809470683336258,0.01056356355547905,0.024328935891389847,0.9989088177680969,0.9965338110923767,0.9910820126533508,1.1918599605560303,0.15706375241279602,0.4108372926712036,0.6239586472511292,0.9781714677810669,0.9446452856063843,0.9145264625549316
0.036796506494283676,0.003364883130416274,0.009280621074140072,0.024150991812348366,0.9988986849784851,0.9968644380569458,0.9912016987800598,1.0983332395553589,0.15350927412509918,0.3838854730129242,0.5609380006790161,0.979251503944397,0.9479208588600159,0.9201547503471375
0.03906705230474472,0.0034822197631001472,0.010526531375944614,0.02505824901163578,0.9988885521888733,0.9966798424720764,0.9911408424377441,1.1371650695800781,0.16931560635566711,0.39919590950012207,0.568652868270874,0.977405846118927,0.9465112090110779,0.9193080067634583
0.03679058328270912,0.00303668063133955,0.00982594396919012,0.023928027600049973,0.9989372491836548,0.9967082142829895,0.9913700222969055,1.0762518644332886,0.16106510162353516,0.36843329668045044,0.5467531681060791,0.9789726138114929,0.9510899186134338,0.9223705530166626
0.03815678134560585,0.0031986876856535673,0.010194939561188221,0.02476315014064312,0.9989169239997864,0.9966656565666199,0.9910252094268799,1.0622178316116333,0.15942822396755219,0.36628127098083496,0.536507785320282,0.9797788262367249,0.9518150091171265,0.9272280931472778
0.03680143877863884,0.0036722219083458185,0.009766675531864166,0.023362504318356514,0.9988317489624023,0.9967731237411499,0.9916357398033142,1.4155409336090088,0.18276026844978333,0.48121321201324463,0.7515672445297241,0.9754334092140198,0.9377899765968323,0.9036147594451904
0.03492496535181999,0.0031048664823174477,0.00897864531725645,0.022841446101665497,0.9989290833473206,0.9970206022262573,0.9916701912879944,1.0572583675384521,0.1531943827867508,0.36634495854377747,0.5377193093299866,0.9802554249763489,0.9508870840072632,0.9259046912193298
0.03665860369801521,0.003247619606554508,0.009949957020580769,0.023461034521460533,0.9989453554153442,0.9966311454772949,0.9915769100189209,1.1341677904129028,0.17079094052314758,0.39586177468299866,0.5675157904624939,0.9771066904067993,0.9472920894622803,0.9192014932632446
0.03485587239265442,0.0036258751060813665,0.008904947899281979,0.022325051948428154,0.9988743662834167,0.9970651865005493,0.9918811321258545,1.136917233467102,0.17151179909706116,0.39388957619667053,0.5715166926383972,0.9784148335456848,0.9504560828208923,0.9228826761245728
0.03565136715769768,0.0029502781108021736,0.009301332756876945,0.023399729281663895,0.9989798069000244,0.996842086315155,0.9917371273040771,1.2948321104049683,0.1878064125776291,0.4327893853187561,0.674236536026001,0.9766756892204285,0.9448582530021667,0.9129495620727539
0.03394079580903053,0.0029403858352452517,0.008820638060569763,0.022179769352078438,0.9990305304527283,0.9971179366111755,0.9920190572738647,1.490203619003296,0.22198882699012756,0.5109124183654785,0.7573035955429077,0.9747133851051331,0.9397218227386475,0.9081072211265564
0.034707460552453995,0.0030781340319663286,0.009282315149903297,0.022347012534737587,0.9990183711051941,0.9969941973686218,0.9919359087944031,1.214634895324707,0.15821994841098785,0.4287905693054199,0.6276238560676575,0.9778520464897156,0.9426881074905396,0.9135833978652954
0.034128587692976,0.0029074179474264383,0.008520112372934818,0.022701052948832512,0.9990487694740295,0.9971787929534912,0.9919906258583069,1.0911579132080078,0.15282563865184784,0.38152047991752625,0.5568119287490845,0.9804836511611938,0.9512268304824829,0.9256359934806824
0.033680759370326996,0.002948170993477106,0.00871557742357254,0.022017063573002815,0.9989818334579468,0.9971057772636414,0.9922949075698853,1.197465181350708,0.1724221259355545,0.415047287940979,0.6099951267242432,0.9783337116241455,0.9470030665397644,0.9188110828399658
0.03529822453856468,0.0034489715471863747,0.009155946783721447,0.022693287581205368,0.9988561272621155,0.9969171285629272,0.9919602274894714,1.2415920495986938,0.17064081132411957,0.4476698935031891,0.623281717300415,0.9751595854759216,0.9353865385055542,0.9105005264282227
0.03209656476974487,0.002974755596369505,0.008386294357478619,0.02073553577065468,0.999012291431427,0.9972538352012634,0.9925828576087952,1.1346689462661743,0.16947758197784424,0.3960621953010559,0.5691291689872742,0.9784655570983887,0.9472261667251587,0.9204285740852356
0.034411124885082245,0.003116348758339882,0.008958367630839348,0.022336434572935104,0.9989737272262573,0.9970753192901611,0.9920028448104858,1.4314948320388794,0.20570430159568787,0.48349565267562866,0.7422940135002136,0.976178765296936,0.9410858154296875,0.9091567993164062
0.03297077864408493,0.0029823873192071915,0.008967868983745575,0.021020567044615746,0.9990609288215637,0.997069239616394,0.9925828576087952,1.1476147174835205,0.16193725168704987,0.40302368998527527,0.582653820514679,0.9786176681518555,0.9473782777786255,0.9206516742706299
0.03332848474383354,0.0031083179637789726,0.008901333436369896,0.021318821236491203,0.9989656209945679,0.9970368146896362,0.9924084544181824,1.0734935998916626,0.14889933168888092,0.3784675598144531,0.5461262464523315,0.9796672463417053,0.9517287611961365,0.9275881052017212
0.03285234048962593,0.0028415655251592398,0.00877166073769331,0.021239090710878372,0.9990224242210388,0.9971078038215637,0.9924226403236389,1.2380269765853882,0.18404076993465424,0.42651087045669556,0.6274759769439697,0.9743888974189758,0.9416182041168213,0.9105664491653442
0.03122248500585556,0.0029152396600693464,0.007921966724097729,0.020385295152664185,0.9990426898002625,0.9974140524864197,0.9927573204040527,1.1474143266677856,0.15632693469524384,0.3990042805671692,0.5920838117599487,0.979672372341156,0.949898362159729,0.9224212765693665
0.034952349960803986,0.0033695679157972336,0.00954586174339056,0.022036926820874214,0.9989250302314758,0.9969982504844666,0.9921894073486328,1.4002915620803833,0.20245620608329773,0.4886816442012787,0.7091540098190308,0.9766604900360107,0.9422165155410767,0.9157079458236694
0.03085031919181347,0.0026162995491176844,0.008465477265417576,0.019768530502915382,0.9991278648376465,0.997245728969574,0.9928445219993591,1.138856291770935,0.15902136266231537,0.3932868540287018,0.5865480303764343,0.980529248714447,0.9511304497718811,0.9257373809814453
0.03214208781719208,0.0032170843333005905,0.008476431481540203,0.020448561757802963,0.9989757537841797,0.9972862601280212,0.9927552938461304,1.0911198854446411,0.15356382727622986,0.37768328189849854,0.5598733425140381,0.9806205034255981,0.9534578323364258,0.9282777309417725
0.03283354640007019,0.003231400391086936,0.00849101785570383,0.021111156791448593,0.9989575147628784,0.9973065853118896,0.9926843047142029,1.6357682943344116,0.21202082931995392,0.5444329380989075,0.8793143630027771,0.9722288250923157,0.9348845481872559,0.8968760371208191
0.03037371300160885,0.0028319412376731634,0.007808641996234655,0.019733142107725143,0.9990792274475098,0.9973268508911133,0.9929317235946655,1.1303298473358154,0.16056828200817108,0.3906080424785614,0.5791531205177307,0.9790486693382263,0.9489704370498657,0.923151433467865
0.03223586454987526,0.0030986310448497534,0.008520767092704773,0.020616482943296432,0.9989757537841797,0.9972984194755554,0.9928769469261169,1.1527462005615234,0.16383907198905945,0.3909069001674652,0.5980002284049988,0.9789472818374634,0.9500250816345215,0.9230246543884277
0.03016158752143383,0.002676243893802166,0.007881409488618374,0.01960393413901329,0.9991298913955688,0.997409999370575,0.9929479360580444,1.0819345712661743,0.1601477563381195,0.357687383890152,0.5640990138053894,0.9771776795387268,0.9476622343063354,0.917999804019928
0.03008144162595272,0.0025102237705141306,0.00821580272167921,0.01935541443526745,0.9991603493690491,0.9972659945487976,0.9931426644325256,1.2443640232086182,0.17664450407028198,0.43109285831451416,0.6366268992424011,0.9788154363632202,0.9474442005157471,0.9211941957473755
0.0313723050057888,0.002853307407349348,0.008592640981078148,0.019926365464925766,0.9990366101264954,0.9972274303436279,0.9929357767105103,1.1415002346038818,0.1691322922706604,0.3955954313278198,0.5767723321914673,0.9788762927055359,0.9494115710258484,0.9239170551300049
0.02856278046965599,0.0025146750267595053,0.007253419142216444,0.01879468932747841,0.9991907477378845,0.9977040886878967,0.9934895038604736,1.2777695655822754,0.18137897551059723,0.4364316165447235,0.6599591374397278,0.9789574146270752,0.9493101835250854,0.9210319519042969
0.030355378985404968,0.0027364641427993774,0.008382953703403473,0.019235970452427864,0.9991055727005005,0.9973572492599487,0.9933454990386963,1.1664594411849976,0.1645449697971344,0.4012743830680847,0.6006407141685486,0.9772891998291016,0.9477180242538452,0.9179186820983887
0.030431734398007393,0.002932401141151786,0.0080717159435153,0.019427595660090446,0.9990710616111755,0.9974789619445801,0.9932684302330017,1.1915264129638672,0.17745710909366608,0.4058135449886322,0.6082547903060913,0.979530394077301,0.9528544545173645,0.927075982093811
0.02992747537791729,0.0028237488586455584,0.007888196967542171,0.0192155409604311,0.9990670084953308,0.9974444508552551,0.9933677911758423,1.2931792736053467,0.1778910607099533,0.4528989791870117,0.6623887419700623,0.9777759909629822,0.9464098215103149,0.9180606603622437
0.029558686539530754,0.0027702017687261105,0.008074942044913769,0.01871352642774582,0.9990893602371216,0.9974424242973328,0.9935320615768433,1.2900134325027466,0.18208160996437073,0.4481177031993866,0.6598131060600281,0.9789066910743713,0.9490211606025696,0.9232883453369141
0.02881566621363163,0.002383882412686944,0.0075293066911399364,0.018902484327554703,0.999239444732666,0.9975540041923523,0.9933414459228516,1.5340873003005981,0.2243167757987976,0.5232129096984863,0.7865580320358276,0.9708952903747559,0.9336118698120117,0.8993656635284424
0.03174522519111633,0.0028194556944072247,0.008213181048631668,0.020712582394480705,0.999091386795044,0.99737548828125,0.9928932189941406,1.790406584739685,0.23033134639263153,0.6086260676383972,0.9514490365982056,0.9727358818054199,0.9351279735565186,0.8946399688720703
0.02763904258608818,0.0024761022068560123,0.007352643180638552,0.017810296267271042,0.9992191195487976,0.9976047277450562,0.9939539432525635,1.1805167198181152,0.15589991211891174,0.4167224168777466,0.6078940033912659,0.9794137477874756,0.9501670598983765,0.9247739911079407
0.027068329975008965,0.002054773038253188,0.007282613776624203,0.017730971798300743,0.9993165135383606,0.9976959824562073,0.993803858757019,1.1875282526016235,0.16393029689788818,0.4076964855194092,0.6159005165100098,0.9793833494186401,0.9495586156845093,0.9227660894393921
0.029142016544938087,0.002668971661478281,0.007842669263482094,0.01863039657473564,0.9991096258163452,0.9974525570869446,0.9935604929924011,1.3524281978607178,0.20825502276420593,0.4519972503185272,0.6921760439872742,0.9773247241973877,0.9479208588600159,0.9184561371803284
0.030619775876402855,0.002866468857973814,0.008188202045857906,0.01956513151526451,0.9990994930267334,0.997393786907196,0.993264377117157,1.1657884120941162,0.16258426010608673,0.3973269760608673,0.605877161026001,0.9776846766471863,0.9471045136451721,0.9194245934486389
0.02660241909325123,0.002421889454126358,0.006872095633298159,0.017308412119746208,0.9992495775222778,0.9977040886878967,0.99396812915802,1.6254881620407104,0.2305389791727066,0.5687244534492493,0.8262250423431396,0.9750835299491882,0.9383984208106995,0.908355712890625
0.028585566207766533,0.002779299858957529,0.0080016003921628,0.017804646864533424,0.9991440773010254,0.9974302649497986,0.9939154386520386,1.2146130800247192,0.17697766423225403,0.41505175828933716,0.6225832104682922,0.979910671710968,0.9514701962471008,0.9250173568725586
0.027216849848628044,0.002350038615986705,0.00700133154168725,0.0178654957562685,0.9992293119430542,0.9977486729621887,0.993838369846344,1.3871030807495117,0.21110956370830536,0.490410715341568,0.6855826377868652,0.9769799113273621,0.9460853338241577,0.9202612042427063
0.02909601852297783,0.002802271628752351,0.007614557631313801,0.018679223954677582,0.9991116523742676,0.9976006150245667,0.9937490820884705,1.6285344362258911,0.2231876403093338,0.5882441997528076,0.81710284948349,0.9772841334342957,0.9384440779685974,0.9098109006881714
0.026739152148365974,0.0023084064014256,0.006928683258593082,0.0175020731985569,0.9991623759269714,0.9976716041564941,0.9940837621688843,1.1523165702819824,0.1674904227256775,0.3921746611595154,0.5926514863967896,0.9804278612136841,0.9536251425743103,0.9290890097618103
0.028180526569485664,0.0025812697131186724,0.00743272015824914,0.018166547641158104,0.9991583228111267,0.9975884556770325,0.9937673807144165,2.0811471939086914,0.28257763385772705,0.7247056365013123,1.0738651752471924,0.9684411883354187,0.9223959445953369,0.8849806785583496
0.025779256597161293,0.0022541717626154423,0.006768196355551481,0.016756907105445862,0.9992252588272095,0.9978156089782715,0.9941527247428894,1.2560349702835083,0.17842720448970795,0.43868547677993774,0.6389219760894775,0.9806762933731079,0.9517896175384521,0.9268985390663147
0.027991319075226784,0.002675808733329177,0.007387422490864992,0.017928069457411766,0.9991075992584229,0.9975864291191101,0.9938910603523254,1.1885684728622437,0.17307808995246887,0.4106683135032654,0.6048219799995422,0.9798954725265503,0.9522814750671387,0.9290838837623596
0.026734767481684685,0.0024026178289204836,0.007119780872017145,0.017212366685271263,0.9992252588272095,0.9976959824562073,0.994110107421875,1.4194754362106323,0.19192342460155487,0.49071431159973145,0.736838161945343,0.9764981865882874,0.9422063827514648,0.9108503460884094
0.02692149579524994,0.0025173621252179146,0.007253988180309534,0.017150141298770905,0.9991725087165833,0.9976959824562073,0.9941303730010986,1.2532320022583008,0.18287324905395508,0.4249601662158966,0.6453990340232849,0.9794390797615051,0.9518251419067383,0.9240590333938599
0.026448238641023636,0.0025436687283217907,0.006857412867248058,0.017047161236405373,0.9992191195487976,0.9977405667304993,0.9942561388015747,1.3250583410263062,0.18771077692508698,0.4551043212413788,0.6822437644004822,0.9795354604721069,0.9511203169822693,0.9249717593193054
0.027219273149967194,0.0023927874863147736,0.007302279118448496,0.01752421446144581,0.9992353916168213,0.9976533651351929,0.994110107421875,1.292807698249817,0.187699094414711,0.44726449251174927,0.6578447222709656,0.97858726978302,0.9506487846374512,0.9239424467086792
0.025528794154524803,0.0025377958081662655,0.006576713174581528,0.016414305195212364,0.9992252588272095,0.9978339076042175,0.9942399263381958,1.454031229019165,0.20802649855613708,0.4883280396461487,0.7576773762702942,0.9762345552444458,0.9456086754798889,0.916209876537323
0.02779657579958439,0.002389045199379325,0.007769591640681028,0.017637932673096657,0.9992516040802002,0.9975296854972839,0.9939134120941162,1.3231645822525024,0.1785353124141693,0.469806969165802,0.6748226881027222,0.9763612747192383,0.9443157315254211,0.9173254370689392
0.025903522968292236,0.0025631356984376907,0.006808115169405937,0.01653227023780346,0.9992272853851318,0.9978176355361938,0.9943656921386719,1.4133660793304443,0.19447293877601624,0.4863203167915344,0.7325729131698608,0.9777709245681763,0.9448988437652588,0.9143540859222412
0.0269385427236557,0.0026963185518980026,0.007217881735414267,0.017024319618940353,0.9991522431373596,0.9977486729621887,0.9944285750389099,1.3653409481048584,0.20478390157222748,0.4607420861721039,0.69981449842453,0.9789523482322693,0.9499236941337585,0.9242770671844482
0.026237018406391144,0.002312013879418373,0.006677013356238604,0.017247991636395454,0.9992718696594238,0.997779130935669,0.9942622184753418,1.3023179769515991,0.1742917150259018,0.4554857015609741,0.6725404262542725,0.9785061478614807,0.9478194117546082,0.9214882850646973
0.026393640786409378,0.0023865452967584133,0.006984953302890062,0.017022153362631798,0.999239444732666,0.9977243542671204,0.9942662715911865,1.7071062326431274,0.22354771196842194,0.5715442895889282,0.9120143055915833,0.9742975831031799,0.9356299638748169,0.8976214528083801
0.025609545409679413,0.0024336236529052258,0.006495178211480379,0.01668074168264866,0.9992170929908752,0.9978825449943542,0.9943210482597351,1.2401762008666992,0.1698969453573227,0.43934693932533264,0.6309319138526917,0.9802098274230957,0.9526262879371643,0.9284855723381042
0.026280490681529045,0.002592489356175065,0.006992036011070013,0.01669595204293728,0.9992130398750305,0.997756838798523,0.9942784309387207,1.3211417198181152,0.18405845761299133,0.46231889724731445,0.6747652888298035,0.9797027707099915,0.9498070478439331,0.9220865964889526
0.0241241455078125,0.002190357306972146,0.0065208924934268,0.015412883833050728,0.9992779493331909,0.9979028701782227,0.9948970675468445,1.338098168373108,0.1871066391468048,0.4705706238746643,0.6804216504096985,0.979530394077301,0.9490414261817932,0.9244393110275269
